{
  "timestamp": "2025-10-09T18:20:46.176026Z",
  "overall_coverage": 6.8034557235421165,
  "target": 80.0,
  "gap": 73.19654427645789,
  "status": "FAIL",
  "total_statements": 1852,
  "covered_statements": 126,
  "missing_statements": 1726
}