{
  "version": "v1.0.0",
  "magnitude": 0.7064024764470159,
  "vector": {
    "x": 0.95,
    "y": 0.3,
    "z": 0.710291,
    "magnitude": 0.706402
  },
  "timestamp": "2025-10-16T18:38:39.133019+00:00"
}