{
  "entry": {
    "type": "entropy_autotuner",
    "timestamp": "2025-10-16T19:22:44.247576+00:00",
    "cycle": 1,
    "resilience": {
      "current": 0.6407191859890653,
      "target": 0.7,
      "error": 0.05928081401093466
    },
    "pid_state": {
      "integral_error": 0.05928081401093466,
      "last_error": 0.05928081401093466,
      "P": 0.023712325604373863,
      "I": 0.002964040700546733,
      "D": 0.005928081401093466
    },
    "adjustments": {
      "mi_threshold_delta": 0.01630222385300703,
      "density_threshold_delta": 0.009781334311804219,
      "linking_aggressiveness_delta": 0.006520889541202813
    },
    "convergence": "LEARNING"
  },
  "integrity": {
    "sha512": "46bf1d0fe349f89a7e36293d8920e34d35b36f408f1bc97d9b3010f0b62cff7ac04296d545941d6b83c6353405673052ab706c5fa0bc953410a3df32739a3ec7",
    "blake2b": "fa6961edc99b32f060d37adcfe3293514075f4c01d8235a98415fb9f2002e313",
    "algorithm": "SHA-512 + BLAKE2b"
  }
}